{"settings":{"requestOrigin":2,"status":2,"body":{"configs":{"settings":{"HalloweenStageTwoTargetScore":40000000,"HolidayStageThreeTargetScore":60000000,"CurrentEventName":"Halloween","TwitchDropsStatus":{"Status":1,"StartDate":"2025-10-17T17:00:00Z","EndDate":"2025-10-19T01:00:00Z"},"PlayStationCrossPlay":true,"XboxCrossPlay":true,"EventRewardMultiplier":0.0,"HalloweenStageOneTargetScore":30000000,"PlayStationGameVersion":"0.14.2.1","ViveportGameVersion":"0.13.0.1","SeasonalEventTrophyLevelOneThreshold":800,"SteamGameVersion":"0.14.2.1","SeasonalEventTrophyLevelThreeThreshold":3300,"EasterStageOneTargetScore":5000000,"SeasonalEventFoilBadgeThreshold":300,"SeasonalEventMapRotation":{"Wednesday":["WillowStreetHouse","BleasdaleFarmhouse","CampWoodwind","GraftonFarmhouse"],"Monday":["EdgefieldStreetHouse","WillowStreetHouse","GraftonFarmhouse","BleasdaleFarmhouse"],"Saturday":["EdgefieldStreetHouse","WillowStreetHouse","GraftonFarmhouse","BleasdaleFarmhouse"],"Thursday":["TanglewoodStreetHouse","PointHope","WillowStreetHouse","EdgefieldStreetHouse"],"Tuesday":["CampWoodwind","PointHope","TanglewoodStreetHouse","EdgefieldStreetHouse"],"Friday":["GraftonFarmhouse","BleasdaleFarmhouse","CampWoodwind","PointHope"],"Sunday":[]},"HalloweenStageThreeTargetScore":40000000,"player_information":{"76561197968793110":[["wzdew"],["competition"],false],"76561199071836508":[["horlaci"],["translator"],false],"76561198022395246":[["impulseSV"],["creator"],true],"76561198060424607":[["lucian73701"],["competition"],false],"76561198070119806":[["acexv"],["developer"],false],"76561197960287930":[["fatdog"],["competition","artist"],false],"76561198228208492":[["dubzyhs"],["discord","translator"],true],"76561198009719444":[["redwolfe"],["developer"],false],"76561199169341320":[["grassasss"],["translator"],false],"76561199154120396":[["mpafakos"],["translator"],false],"76561198930357183":[["irina"],["translator"],false],"76561198884488942":[["gyabi"],["none"],true],"76561198099838386":[["stubbylegs"],["competition"],false],"76561198128470315":[["mamadamsel"],["competition"],false],"76561198042270910":[["bravo"],["discord"],false],"76561199122585218":[["sharkeee97"],["competition"],false],"76561198112206406":[["melon"],["developer"],false],"76561198096725529":[["glowstick"],["discord"],false],"76561198089839332":[["migueesp"],["translator"],false],"76561198067841533":[["shady"],["developer"],false],"76561198054072742":[["cabalius"],["discord"],true],"76561198004530747":[["greenfudge"],["developer"],false],"76561198246715424":[["frotzyz"],["translator","discord"],true],"76561199097748008":[["drdawson801"],["competition"],false],"76561198008675907":[["snuffmunch"],["competition"],false],"76561198089557089":[["misternavy"],["competition"],false],"76561199153913366":[["niallofthe9ine"],["competition"],false],"76561198181589785":[["sirhoneybadger"],["competition"],false],"76561197963391898":[["az"],["translator"],false],"76561197998253915":[["ghostkai"],["creator"],true],"76561198050747718":[["jeeeeeff"],["competition"],false],"76561198165030255":[["neo0614"],["competition"],false],"76561198192092154":[["xxunpredxx"],["competition"],false],"76561198055792027":[["xomby"],["competition"],false],"76561198152259237":[["wanderley jr"],["competition"],false],"76561198265054421":[["thiccbrainedttv"],["competition"],false],"76561198170455781":[["tay"],["artist"],false],"76561197995971696":[["slinkonage"],["competition"],false],"76561198980459746":[["justaegis"],["creator"],true],"76561198095394441":[["just_eddie"],["competition"],false],"76561198313344233":[["inzombniak"],["competition"],false],"76561199086197417":[["siren2001"],["competition"],false],"76561198153182538":[["epictightpants"],["creator"],true],"76561198440166255":[["galanexus"],["competition"],false],"76561197975505618":[["dontfightducks"],["creator"],true],"76561199069607875":[["hadronna"],["creator"],true],"76561198145934521":[["blobby"],["creator"],true],"76561198013752204":[["immusama"],["none"],true],"76561199257280453":[["laubsy"],["competition"],false],"76561198856516423":[["sprays"],["competition"],false],"76561198069105418":[["paisliepanda"],["creator"],true],"76561198275622954":[["pic"],["competition"],false],"76561197987268307":[["ezeeryder"],["developer"],false],"76561198821696857":[["viktheviking"],["creator"],true],"76561199164699219":[["nibble"],["competition"],false],"76561198104312644":[["stelluminus"],["competition"],false],"76561198040610871":[["citricacid"],["competition"],false],"76561199415758131":[["skree'kaw"],["discord"],true],"76561198064963750":[["lucky yuna"],["competition"],false],"76561198136969448":[["yohkit"],["competition"],false],"76561197981551998":[["the_brotaterchip"],["creator"],true],"76561198800007736":[["circadianizzy"],["artist"],false],"76561198100512272":[["melodytheteagoblin"],["artist"],true],"76561198074628175":[["otterlady"],["creator"],true],"76561197961166420":[["chicky"],["creator"],true],"76561198044732332":[["fricklefreckle"],["competition"],false],"76561198302518923":[["omayestt"],["discord","translator"],false],"76561198002573546":[["gati"],["translator"],false],"76561198263521229":[["polar"],["discord"],false],"76561198197488428":[["techguru"],["creator"],true],"76561198345667023":[["sonogami"],["competition"],false],"76561198080462976":[["CrashDiet"],["creator"],true],"76561198145212814":[["bepis"],["creator"],true],"76561198028722909":[["eren"],["developer"],false],"76561198100564810":[["twitchnyongja"],["creator"],true],"76561198086808992":[["CatGirlGoesBang"],["discord"],false],"76561198021014765":[["senz"],["creator"],true],"76561199055946190":[["dracaye"],["artist","competition"],false],"76561199088650971":[["mittens"],["competition"],false],"76561198065820801":[["shooshies"],["creator"],true],"76561199068903185":[["tushie"],["translator"],false],"76561198137557895":[["vgreen"],["creator"],true],"76561198969512287":[["flashforce"],["creator"],true],"76561199219794256":[["alejan2cc05"],["competition"],false],"76561199164180244":[["youjustwanteasy"],["competition"],false],"76561198030802212":[["plasmos"],["competition"],false],"76561197967817500":[["timetell"],["creator"],true],"76561198027847793":[["chiyoshan"],["artist"],false],"76561198082130524":[["zebra"],["artist"],false],"76561198136674137":[["marusbanimultiraudetot"],["translator"],false],"76561197983879287":[["maxhayman"],["developer","translator","competition","artist","creator","holiday22","Easter2023"],false],"76561198053994255":[["nicooriia"],["competition"],false],"76561198063493778":[["jackerquacker"],["developer","translator","competition","artist","creator","holiday22","Easter2023"],true],"76561198156940745":[["psychomaqui"],["competition"],false],"76561198070243299":[["mamiofthreee"],["competition"],false],"76561198071701423":[["mike"],["translator"],false],"76561199096953304":[["tomnk21"],["creator"],true],"76561198157211514":[["thepolishapple"],["competition"],false],"76561198855077282":[["xambearr"],["competition"],false],"76561197960323211":[["blankbanshee"],["translator"],false],"76561197961253725":[["pred"],["creator"],true],"76561198077657653":[["niuby"],["creator"],true],"76561198153305964":[["diiinnky"],["creator"],true],"76561198071683552":[["darishaLithi"],["competition"],false],"76561198883196971":[["shuee"],["discord","artist","developer"],true],"76561198442385901":[["kakevhere"],["translator"],false],"76561198078275511":[["koudy"],["translator"],false],"76561198048158827":[["zec"],["developer","translator","competition","artist","creator","holiday22","Easter2023"],false],"76561198056813651":[["d0ii"],["competition"],false],"76561199036225808":[["kelcaroo9212"],["competition"],false],"76561199096160684":[["xtieten"],["discord"],true],"76561198168708181":[["maggstor"],["creator"],true],"76561198200191641":[["monsthor"],["artist"],false],"76561198291769936":[["sailorsugarplum"],["creator"],true],"76561197961029918":[["hydra"],["creator"],false],"76561198107841705":[["나디아 | nda"],["translator"],false],"76561198124176998":[["missd"],["competition"],false],"76561199051924387":[["shorky"],["discord"],false],"76561199242540733":[["pbpop"],["discord"],true],"76561198837418994":[["xsugarinferno"],["artist"],false],"76561199094238092":[["morguemistress"],["competition"],false],"76561197970950167":[["timberwo1f"],["competition"],false],"76561199155982134":[["sparkly"],["competition"],false],"76561198396897063":[["tenminsa"],["competition"],false],"76561198043096109":[["lavender","lavendar"],["developer","translator","competition","artist","creator","holiday22","Easter2023"],true],"76561198162807441":[["frostymoon"],["competition"],false],"76561198192349731":[["skaijie"],["competition"],false],"76561199220416649":[["minerincave"],["translator"],false],"76561198194159739":[["tw1st3dhunter86"],["competition"],false],"76561198035952054":[["myth"],["competition"],false],"76561198039540357":[["kimkatgames"],["creator"],true],"76561198198799919":[["lucsoloah"],["competition"],false],"76561198325250231":[["brenoviski"],["creator"],true],"76561198375493664":[["redzorusky"],["competition"],false],"76561197977448431":[["mooseh"],["competition"],false],"76561198042532362":[["todytoscano"],["translator"],false],"76561198271389721":[["spaghetti"],["translator"],false],"76561197964955286":[["Dr. Mabuse"],["competition"],false],"76561198014150523":[["triviarose"],["creator"],true],"76561197966579550":[["temfly"],["none"],false],"76561198245459628":[["lizziefij"],["competition"],false],"76561198214792828":[["bennyxD"],["translator"],false],"76561199199392634":[["leokade"],["creator"],true],"76561198863781754":[["sydes"],["competition"],false],"76561198099650272":[["mezzo212"],["discord"],true],"76561198876467548":[["tju"],["artist"],false],"76561198866471882":[["xxfallenprophetxx"],["competition"],false],"76561198129044036":[["artem"],["competition"],false],"76561199057307956":[["venus_voldaren"],["competition"],false],"76561199092039586":[["nayeon"],["competition"],false],"76561197994632111":[["lillulu"],["artist"],false],"76561198087182262":[["imtootoasty"],["discord"],true],"76561199088236672":[["fabletownn"],["discord"],true],"76561198126663198":[["mrwhitegorilla"],["translator"],false],"76561198060495494":[["jojosaysbreee"],["creator"],true],"76561198309707014":[["kernelpanic"],["creator"],true],"76561198424821055":[["sara"],["artist"],false],"76561198022021110":[["lildaine"],["artist"],false],"76561198248190286":[["dreamwarrior"],["creator"],true],"76561198177609847":[["qsefthuopq"],["translator"],false],"76561198056778356":[["skulltulah"],["creator"],true],"76561198869787728":[["eldel"],["creator"],true],"76561197991865816":[["gravebear"],["creator"],true],"76561198112400613":[["akaspeedy"],["translator"],false],"76561197961165835":[["ind3x"],["competition"],false],"76561198434723662":[["stonedtimelord"],["competition"],false],"76561199002036371":[["agiagrafh"],["translator"],false],"76561198136947967":[["gooseontheloose"],["competition"],false],"76561197964104879":[["tenuouslight"],["competition"],false],"76561198214463153":[["hamp"],["competition"],false],"76561198084423356":[["thepalekestrl"],["developer"],false],"76561198008752964":[["mrtiboute"],["creator"],true],"76561198136452424":[["fluffydaddysenpai"],["competition"],false],"76561198063546220":[["medve"],["translator"],false],"76561198025173823":[["Duranna"],["discord"],false],"76561198445995036":[["liuos"],["developer"],false],"76561198036680787":[["dknighter","dknlghter","dknghter","dknightr"],["developer","translator","competition","artist","creator","Easter2023"],true],"76561198009593702":[["eveuh"],["creator"],true],"76561198346382249":[["leo"],["translator"],false],"76561199438009720":[["nukadave"],["creator"],true],"76561198110957992":[["limitedchillz"],["creator"],true],"76561198052575857":[["morgan"],["creator"],false],"76561198051196862":[["tinywhiski"],["competition"],false],"76561198358196219":[["helena"],["translator"],false],"76561198203764695":[["fudgesnaps"],["creator"],true],"76561198121792943":[["hekapoo"],["artist"],false],"76561198015290259":[["tardis_who"],["competition"],false],"76561198399472592":[["caneveryonejustchill"],["creator"],true],"76561198036235656":[["diabeetus"],["translator"],false],"76561199040648245":[["erdem"],["translator"],false],"76561197970440803":[["psychohypnotic"],["creator"],true],"76561198324561543":[["sainsburyssausagerolls"],["competition"],false],"76561198131900747":[["draconiafyre"],["competition"],false],"76561198047339561":[["hasgarson"],["creator"],true],"76561197970405158":[["balazs"],["competition"],false],"76561198178987279":[["stonewoot"],["discord"],true],"76561198095304397":[["hunterscouti"],["translator"],false],"76561198807744223":[["justplamen"],["translator"],false],"76561199378234953":[["uliana"],["competition"],false],"76561199163922223":[["ms_brit"],["competition"],false],"76561198013302851":[["cjdxn","cjxdn"],["developer","translator","competition","artist","creator","holiday22","Easter2023"],true],"76561198080730135":[["yudho saputro"],["competition"],false],"76561198320588774":[["amber"],["none"],false],"76561198156607107":[["Tt"],["translator"],false],"76561198004609264":[["lyralycious"],["competition"],false],"76561197982261608":[["bananaboogaloo"],["discord"],true],"76561197964616102":[["thorlar"],["creator"],true],"76561198045478847":[["emporia"],["competition"],false],"76561198123499000":[["madixx"],["discord"],true],"76561198421304016":[["peetman"],["artist"],false],"76561199057995832":[["miav"],["competition"],false],"76561197988981213":[["chihiro"],["artist"],false],"76561199081684527":[["nobo"],["discord","competition"],false],"76561198127514563":[["summerbreeze"],["discord"],true],"76561198144123211":[["mark"],["translator"],false],"76561199160102038":[["enyo"],["competition"],false],"76561198081905355":[["swiftdragon"],["discord"],true],"76561197971889297":[["pseg"],["competition"],false],"76561198047405885":[["severelyzero"],["competition"],false],"76561197993317538":[["nichole goodnight"],["creator"],true],"76561197972024268":[["ekristoffe"],["translator"],false],"76561198029666684":[["voosh"],["creator"],true],"76561198397330186":[["werewolf"],["competition"],false],"76561198202674122":[["lithi"],["competition"],false],"76561198057212216":[["scraambleg"],["developer"],false],"76561198195226825":[["skoluna"],["competition"],false],"76561198136903600":[["akachiha"],["competition"],false],"76561199104347439":[["beebee"],["competition"],false],"76561198911571447":[["myscherri"],["artist"],false],"76561197974914324":[["mrchonks"],["translator"],false],"76561198365853398":[["apriil"],["competition"],false],"76561198048086849":[["puch"],["competition"],false],"76561198192720725":[["otterpop"],["creator"],true],"76561198285417613":[["spiritalu"],["artist"],false],"76561199032129342":[["misty1986"],["competition"],false],"76561198144424521":[["itmebebii"],["competition"],false],"76561197966700029":[["turra"],["developer"],false],"76561198014977458":[["rhapsody"],["translator"],false],"76561198055086643":[["napster4903"],["competition"],false],"76561198101454627":[["vasquez"],["translator"],false],"76561198085548605":[["stoneofchaos"],["competition"],false],"76561198008109303":[["insym","lnsym","insyrn","lnsyrn"],["creator"],true],"76561198388616665":[["doof"],["competition","discord","translator"],true]},"ChallengeTaskOverride":{"Tasks":[{"DifficultyItemsJson":"{\n    \"equipmentTypes\": [\n        0,\n        0,\n        0,\n        1,\n        1,\n        1,\n        2,\n        2,\n        2,\n        3,\n        3,\n        3,\n        4,\n        4,\n        4,\n        5,\n        5,\n        5,\n        6,\n        6,\n        6,\n        7,\n        7,\n        7,\n        9,\n        9,\n        9,\n        10,\n        10,\n        10,\n        11,\n        11,\n        11,\n        8,\n        8,\n        8,\n        12,\n        12,\n        12,\n        13,\n        13,\n        13,\n        15,\n        15,\n        15,\n        16,\n        16,\n        16,\n        17,\n        17,\n        17,\n        18,\n        18,\n        18,\n        19,\n        19,\n        19,\n        20,\n        20,\n        20\n    ],\n    \"tiers\": [\n        0,\n        1,\n        2,\n        0,\n        1,\n        2,\n        0,\n        1,\n        2,\n        0,\n        1,\n        2,\n        0,\n        1,\n        2,\n        0,\n        1,\n        2,\n        0,\n        1,\n        2,\n        0,\n        1,\n        2,\n        0,\n        1,\n        2,\n        0,\n        1,\n        2,\n        0,\n        1,\n        2,\n        0,\n        1,\n        2,\n        0,\n        1,\n        2,\n        0,\n        1,\n        2,\n        0,\n        1,\n        2,\n        0,\n        1,\n        2,\n        0,\n        1,\n        2,\n        0,\n        1,\n        2,\n        0,\n        1,\n        2,\n        0,\n        1,\n        2\n    ]\n}","TaskValuesJson":"{\n    \"type\": 29,\n    \"timePeriod\": 4,\n    \"badgeToUnlock\": 0,\n    \"reward\": 5000,\n    \"localisedKey\": \"Weekly_CompleteGhostTypeOnX\",\n    \"localisedKeyOverride\": \"Weekly_CompleteChallengeMode\",\n    \"progressMaxValue\": 3,\n    \"specificMap\": \"Sunny Meadows Restricted\",\n    \"difficulty\": {\n        \"instanceID\": 74546\n    }\n}","StartTime":"2025-09-15T00:00:00Z","EndTime":"2025-09-22T00:00:00Z","DifficultyJson":"{\n    \"difficulty\": 5,\n    \"nameKey\": \"Contract_Challenge\",\n    \"descriptionKey\": \"Challenge_25_Title\",\n    \"requiredLevel\": 0,\n    \"sanityPillRestorationAmount\": 30,\n    \"startingSanity\": 100,\n    \"sanityDrain\": 2.0,\n    \"sprinting\": 0,\n    \"flashlights\": true,\n    \"loseItemsOnDeath\": false,\n    \"playerSpeed\": 1.0,\n    \"evidenceGiven\": 3,\n    \"changingFavouriteRoom\": 0,\n    \"interactionAmount\": 1,\n    \"eventFrequency\": 2,\n    \"huntDuration\": 3,\n    \"gracePeriod\": 4,\n    \"fingerprintChance\": 1.0,\n    \"fingerprintDuration\": 120,\n    \"friendlyGhost\": false,\n    \"killsExtendHuntDuration\": 0,\n    \"roamingFrequency\": 2,\n    \"ghostSpeed\": 0.75,\n    \"setupTime\": 0,\n    \"selectedWeather\": 1,\n    \"amountOfDoorsOpen\": 0,\n    \"amountOfHidingPlaces\": 0,\n    \"sanityMonitor\": true,\n    \"activityMonitor\": true,\n    \"fuseBoxVisibleOnMap\": false,\n    \"fuseBoxStartPower\": 1,\n    \"cursedPossessionsQuantity\": 1,\n    \"chosenCursedItems\": [\n        2,\n        0,\n        0,\n        0,\n        0,\n        0,\n        0\n    ],\n    \"overrideMultiplier\": 1.0,\n    \"actualWeather\": 0,\n    \"actualCursedItems\": [],\n    \"itemTiers\": [\n        {\n            \"item\": {\n                \"instanceID\": 84140\n            },\n            \"amount\": 0,\n            \"ownerUnityID\": \"\"\n        },\n        {\n            \"item\": {\n                \"instanceID\": 61322\n            },\n            \"amount\": 2,\n            \"ownerUnityID\": \"\"\n        },\n        {\n            \"item\": {\n                \"instanceID\": 69110\n            },\n            \"amount\": 0,\n            \"ownerUnityID\": \"\"\n        },\n        {\n            \"item\": {\n                \"instanceID\": 57412\n            },\n            \"amount\": 0,\n            \"ownerUnityID\": \"\"\n        },\n        {\n            \"item\": {\n                \"instanceID\": 59944\n            },\n            \"amount\": 0,\n            \"ownerUnityID\": \"\"\n        },\n        {\n            \"item\": {\n                \"instanceID\": 84408\n            },\n            \"amount\": 0,\n            \"ownerUnityID\": \"\"\n        },\n        {\n            \"item\": {\n                \"instanceID\": 55890\n            },\n            \"amount\": 0,\n            \"ownerUnityID\": \"\"\n        },\n        {\n            \"item\": {\n                \"instanceID\": 80292\n            },\n            \"amount\": 2,\n            \"ownerUnityID\": \"\"\n        },\n        {\n            \"item\": {\n                \"instanceID\": 86372\n            },\n            \"amount\": 0,\n            \"ownerUnityID\": \"\"\n        },\n        {\n            \"item\": {\n                \"instanceID\": 86656\n            },\n            \"amount\": 4,\n            \"ownerUnityID\": \"\"\n        },\n        {\n            \"item\": {\n                \"instanceID\": 86276\n            },\n            \"amount\": 0,\n            \"ownerUnityID\": \"\"\n        },\n        {\n            \"item\": {\n                \"instanceID\": 84132\n            },\n            \"amount\": 0,\n            \"ownerUnityID\": \"\"\n        },\n        {\n            \"item\": {\n                \"instanceID\": 56568\n            },\n            \"amount\": 4,\n            \"ownerUnityID\": \"\"\n        },\n        {\n            \"item\": {\n                \"instanceID\": 59566\n            },\n            \"amount\": 0,\n            \"ownerUnityID\": \"\"\n        },\n        {\n            \"item\": {\n                \"instanceID\": 57284\n            },\n            \"amount\": 0,\n            \"ownerUnityID\": \"\"\n        },\n        {\n            \"item\": {\n                \"instanceID\": 71262\n            },\n            \"amount\": 0,\n            \"ownerUnityID\": \"\"\n        },\n        {\n            \"item\": {\n                \"instanceID\": 74502\n            },\n            \"amount\": 2,\n            \"ownerUnityID\": \"\"\n        },\n        {\n            \"item\": {\n                \"instanceID\": 64604\n            },\n            \"amount\": 0,\n            \"ownerUnityID\": \"\"\n        },\n        {\n            \"item\": {\n                \"instanceID\": 59422\n            },\n            \"amount\": 4,\n            \"ownerUnityID\": \"\"\n        },\n        {\n            \"item\": {\n                \"instanceID\": 83272\n            },\n            \"amount\": 0,\n            \"ownerUnityID\": \"\"\n        },\n        {\n            \"item\": {\n                \"instanceID\": 76214\n            },\n            \"amount\": 0,\n            \"ownerUnityID\": \"\"\n        },\n        {\n            \"item\": {\n                \"instanceID\": 78580\n            },\n            \"amount\": 0,\n            \"ownerUnityID\": \"\"\n        },\n        {\n            \"item\": {\n                \"instanceID\": 86072\n            },\n            \"amount\": 2,\n            \"ownerUnityID\": \"\"\n        },\n        {\n            \"item\": {\n                \"instanceID\": 83296\n            },\n            \"amount\": 0,\n            \"ownerUnityID\": \"\"\n        },\n        {\n            \"item\": {\n                \"instanceID\": 58266\n            },\n            \"amount\": 4,\n            \"ownerUnityID\": \"\"\n        },\n        {\n            \"item\": {\n                \"instanceID\": 85520\n            },\n            \"amount\": 0,\n            \"ownerUnityID\": \"\"\n        },\n        {\n            \"item\": {\n                \"instanceID\": 59366\n            },\n            \"amount\": 0,\n            \"ownerUnityID\": \"\"\n        },\n        {\n            \"item\": {\n                \"instanceID\": 55546\n            },\n            \"amount\": 2,\n            \"ownerUnityID\": \"\"\n        },\n        {\n            \"item\": {\n                \"instanceID\": 71230\n            },\n            \"amount\": 0,\n            \"ownerUnityID\": \"\"\n        },\n        {\n            \"item\": {\n                \"instanceID\": 78914\n            },\n            \"amount\": 0,\n            \"ownerUnityID\": \"\"\n        },\n        {\n            \"item\": {\n                \"instanceID\": 78126\n            },\n            \"amount\": 0,\n            \"ownerUnityID\": \"\"\n        },\n        {\n            \"item\": {\n                \"instanceID\": 82522\n            },\n            \"amount\": 3,\n            \"ownerUnityID\": \"\"\n        },\n        {\n            \"item\": {\n                \"instanceID\": 77058\n            },\n            \"amount\": 0,\n            \"ownerUnityID\": \"\"\n        },\n        {\n            \"item\": {\n                \"instanceID\": 56744\n            },\n            \"amount\": 0,\n            \"ownerUnityID\": \"\"\n        },\n        {\n            \"item\": {\n                \"instanceID\": 70806\n            },\n            \"amount\": 4,\n            \"ownerUnityID\": \"\"\n        },\n        {\n            \"item\": {\n                \"instanceID\": 85326\n            },\n            \"amount\": 0,\n            \"ownerUnityID\": \"\"\n        },\n        {\n            \"item\": {\n                \"instanceID\": 69106\n            },\n            \"amount\": 2,\n            \"ownerUnityID\": \"\"\n        },\n        {\n            \"item\": {\n                \"instanceID\": 69730\n            },\n            \"amount\": 0,\n            \"ownerUnityID\": \"\"\n        },\n        {\n            \"item\": {\n                \"instanceID\": 82040\n            },\n            \"amount\": 0,\n            \"ownerUnityID\": \"\"\n        },\n        {\n            \"item\": {\n                \"instanceID\": 70958\n            },\n            \"amount\": 0,\n            \"ownerUnityID\": \"\"\n        },\n        {\n            \"item\": {\n                \"instanceID\": 67374\n            },\n            \"amount\": 4,\n            \"ownerUnityID\": \"\"\n        },\n        {\n            \"item\": {\n                \"instanceID\": 67100\n            },\n            \"amount\": 0,\n            \"ownerUnityID\": \"\"\n        },\n        {\n            \"item\": {\n                \"instanceID\": 75714\n            },\n            \"amount\": 4,\n            \"ownerUnityID\": \"\"\n        },\n        {\n            \"item\": {\n                \"instanceID\": 71970\n            },\n            \"amount\": 0,\n            \"ownerUnityID\": \"\"\n        },\n        {\n            \"item\": {\n                \"instanceID\": 65766\n            },\n            \"amount\": 0,\n            \"ownerUnityID\": \"\"\n        },\n        {\n            \"item\": {\n                \"instanceID\": 71122\n            },\n            \"amount\": 0,\n            \"ownerUnityID\": \"\"\n        },\n        {\n            \"item\": {\n                \"instanceID\": 80762\n            },\n            \"amount\": 2,\n            \"ownerUnityID\": \"\"\n        },\n        {\n            \"item\": {\n                \"instanceID\": 72522\n            },\n            \"amount\": 0,\n            \"ownerUnityID\": \"\"\n        },\n        {\n            \"item\": {\n                \"instanceID\": 86488\n            },\n            \"amount\": 0,\n            \"ownerUnityID\": \"\"\n        },\n        {\n            \"item\": {\n                \"instanceID\": 63616\n            },\n            \"amount\": 2,\n            \"ownerUnityID\": \"\"\n        },\n        {\n            \"item\": {\n                \"instanceID\": 82006\n            },\n            \"amount\": 0,\n            \"ownerUnityID\": \"\"\n        },\n        {\n            \"item\": {\n                \"instanceID\": 81526\n            },\n            \"amount\": 4,\n            \"ownerUnityID\": \"\"\n        },\n        {\n            \"item\": {\n                \"instanceID\": 69562\n            },\n            \"amount\": 0,\n            \"ownerUnityID\": \"\"\n        },\n        {\n            \"item\": {\n                \"instanceID\": 54548\n            },\n            \"amount\": 0,\n            \"ownerUnityID\": \"\"\n        },\n        {\n            \"item\": {\n                \"instanceID\": 55854\n            },\n            \"amount\": 1,\n            \"ownerUnityID\": \"\"\n        },\n        {\n            \"item\": {\n                \"instanceID\": 54878\n            },\n            \"amount\": 1,\n            \"ownerUnityID\": \"\"\n        },\n        {\n            \"item\": {\n                \"instanceID\": 79042\n            },\n            \"amount\": 0,\n            \"ownerUnityID\": \"\"\n        },\n        {\n            \"item\": {\n                \"instanceID\": 70828\n            },\n            \"amount\": 4,\n            \"ownerUnityID\": \"\"\n        },\n        {\n            \"item\": {\n                \"instanceID\": 56656\n            },\n            \"amount\": 0,\n            \"ownerUnityID\": \"\"\n        },\n        {\n            \"item\": {\n                \"instanceID\": 69682\n            },\n            \"amount\": 0,\n            \"ownerUnityID\": \"\"\n        }\n    ],\n    \"mapName\": \"6 Tanglewood Drive\",\n    \"nameLocalisedOverrides\": [],\n    \"descriptionLocalisedOverrides\": []\n}","Identifier":"492180b8-d195-4a8f-9772-ecda60c52e74"}]},"SaveGeneratorVersion":16,"HalloweenEventEndDate":"1762041599","XboxGameVersion":"0.14.2.1","SeasonalEventTrophyLevelTwoThreshold":1800,"EasterStageTwoTargetScore":10000000,"HolidayStageOneTargetScore":30000000,"HolidayStageTwoTargetScore":40000000,"EasterEventEndDate":"1746658740","HolidayEventEndDate":"1735689599"}},"metadata":{"configAssignmentHash":"71de74e5000429fb2ce9bf975a4a3cc211b19a13","assignmentId":"6820c5c2-f933-47f1-9ef5-8889b547eabc","environmentId":"9c52742a-66b4-48aa-8a08-6baf2035138f"}},"headers":{"Date":"Sat, 01 Nov 2025 15:10:19 GMT","Content-Type":"application/json;charset=utf-8","Access-Control-Allow-Origin":"*","Content-Length":"29356","Server":"Jetty(9.4.z-SNAPSHOT)","Via":"1.1 google","Alt-Svc":"h3=\":443\"; ma=2592000,h3-29=\":443\"; ma=2592000"}}}